{"mean":{"confidence_interval":{"confidence_level":0.95,"lower_bound":59654.796594715925,"upper_bound":64038.207157707344},"point_estimate":61812.760402079715,"standard_error":1120.3395355386585},"median":{"confidence_interval":{"confidence_level":0.95,"lower_bound":56802.74206349206,"upper_bound":62141.868634259255},"point_estimate":59573.86220043573,"standard_error":1319.320808677514},"median_abs_dev":{"confidence_interval":{"confidence_level":0.95,"lower_bound":7631.586666649001,"upper_bound":14456.844658829252},"point_estimate":9837.161826534899,"standard_error":1688.661525746858},"slope":{"confidence_interval":{"confidence_level":0.95,"lower_bound":58800.304974200866,"upper_bound":64337.109051771244},"point_estimate":61458.08118335714,"standard_error":1409.1883472839804},"std_dev":{"confidence_interval":{"confidence_level":0.95,"lower_bound":9731.236492170994,"upper_bound":12502.127683320716},"point_estimate":11206.755760358092,"standard_error":705.9361178545204}}