{"mean":{"confidence_interval":{"confidence_level":0.95,"lower_bound":199.94605794023423,"upper_bound":310.1804557273531},"point_estimate":241.66641388590185,"standard_error":29.84939262259804},"median":{"confidence_interval":{"confidence_level":0.95,"lower_bound":165.75183566361545,"upper_bound":216.6546225272507},"point_estimate":200.78787959993923,"standard_error":14.214298817757465},"median_abs_dev":{"confidence_interval":{"confidence_level":0.95,"lower_bound":51.75220989992687,"upper_bound":114.93468713256023},"point_estimate":97.41955208278058,"standard_error":17.079423752082505},"slope":{"confidence_interval":{"confidence_level":0.95,"lower_bound":203.83505906840392,"upper_bound":233.1968153263254},"point_estimate":218.41531425243465,"standard_error":7.499970313056353},"std_dev":{"confidence_interval":{"confidence_level":0.95,"lower_bound":75.20144197864846,"upper_bound":498.07226946362147},"point_estimate":298.9102758098479,"standard_error":143.96107143775515}}